user_id,behavioural_data,clicks
21,6,2.0
21,9,7.0
21,11,72.0
23,4,25.0
23,6,36.0
23,9,40.0
23,11,41.0
23,14,1.0
23,19,1.0
24,6,7.0
24,9,19.0
24,18,2.0
24,19,2.0
25,6,2.0
25,9,2.0
25,11,6.0
26,4,3.0
26,6,9.0
26,9,12.0
27,6,7.0
27,9,33.0
27,11,32.0
28,4,11.0
28,6,15.0
28,9,50.0
28,11,36.0
28,19,3.0
29,6,1.0
30,6,7.0
30,9,36.0
30,11,134.0
30,18,1.0
30,19,3.0
33,4,24.0
33,6,20.0
33,9,21.0
33,11,29.0
36,6,4.0
36,9,6.0
37,6,1.0
37,19,1.0
38,4,21.0
38,6,9.0
38,9,5.0
38,11,92.0
38,18,1.0
39,6,9.0
39,9,44.0
39,11,23.0
39,14,1.0
39,16,1.0
40,4,11.0
40,6,2.0
40,9,3.0
40,11,29.0
41,6,4.0
41,9,3.0
41,11,18.0
41,19,2.0
42,6,14.0
42,8,1.0
42,9,23.0
42,11,108.0
42,18,2.0
42,19,3.0
44,6,9.0
44,9,50.0
44,11,156.0
44,16,3.0
44,18,8.0
45,4,39.0
45,6,21.0
45,9,67.0
45,11,115.0
45,14,1.0
45,19,9.0
47,6,23.0
47,9,14.0
47,11,17.0
48,4,3.0
48,6,10.0
48,9,20.0
48,11,62.0
48,14,1.0
48,18,6.0
48,19,2.0
49,4,5.0
49,6,5.0
49,11,6.0
49,19,1.0
50,4,6.0
50,6,9.0
50,9,67.0
50,11,63.0
50,16,1.0
50,19,2.0
52,4,15.0
52,6,26.0
52,9,15.0
52,11,431.0
52,18,2.0
52,19,4.0
53,4,6.0
53,6,12.0
53,9,8.0
53,11,37.0
53,16,2.0
53,18,3.0
56,6,2.0
56,9,7.0
56,11,26.0
57,6,3.0
57,9,6.0
57,11,32.0
58,16,6.0
60,4,4.0
60,6,9.0
60,9,34.0
60,11,15.0
60,18,2.0
60,19,2.0
61,4,39.0
61,6,32.0
61,9,54.0
61,11,91.0
61,18,1.0
62,4,8.0
62,6,21.0
62,9,58.0
62,11,39.0
62,16,1.0
62,19,4.0
63,4,8.0
63,6,3.0
63,9,11.0
63,11,20.0
64,6,2.0
64,9,5.0
65,4,55.0
65,6,24.0
65,9,64.0
65,11,166.0
65,18,9.0
65,19,3.0
66,6,1.0
67,6,14.0
67,9,32.0
67,11,5.0
67,19,4.0
68,4,3.0
68,6,12.0
68,9,14.0
68,11,30.0
68,18,1.0
68,19,3.0
69,6,12.0
69,9,21.0
69,11,61.0
69,18,5.0
69,19,1.0
71,4,76.0
71,6,32.0
71,9,41.0
71,11,119.0
71,16,8.0
71,18,2.0
71,19,7.0
72,6,12.0
72,8,1.0
72,9,35.0
72,11,128.0
72,19,2.0
73,6,1.0
74,4,79.0
74,6,35.0
74,9,35.0
74,11,91.0
74,14,1.0
74,18,2.0
74,19,5.0
76,4,70.0
76,6,21.0
76,9,34.0
76,11,124.0
76,18,2.0
76,19,2.0
77,4,2.0
77,6,3.0
77,9,9.0
77,11,37.0
78,6,1.0
78,9,8.0
80,6,12.0
80,9,43.0
80,14,1.0
80,18,1.0
80,19,3.0
82,4,1.0
82,6,7.0
82,9,12.0
82,11,10.0
82,16,7.0
85,4,15.0
85,6,14.0
85,9,31.0
85,11,82.0
85,18,3.0
85,19,4.0
88,4,4.0
88,6,30.0
88,9,52.0
88,11,176.0
88,18,2.0
88,19,3.0
90,4,35.0
90,6,3.0
90,9,21.0
90,11,57.0
90,14,1.0
90,16,1.0
90,19,2.0
91,6,8.0
91,9,16.0
91,11,61.0
92,6,1.0
92,9,2.0
93,6,2.0
93,9,4.0
94,4,2.0
94,6,13.0
94,9,21.0
94,11,67.0
94,19,4.0
95,4,18.0
95,6,25.0
95,9,26.0
95,11,59.0
95,19,6.0
96,4,11.0
96,6,21.0
96,9,8.0
96,11,84.0
96,18,2.0
97,4,1.0
97,6,12.0
97,9,65.0
97,11,91.0
97,16,2.0
98,4,9.0
98,6,9.0
98,8,2.0
98,9,14.0
98,11,97.0
98,19,2.0
99,4,1.0
99,6,9.0
99,9,63.0
99,11,85.0
99,16,4.0
99,19,3.0
100,4,5.0
100,6,25.0
100,9,131.0
100,11,97.0
100,16,1.0
100,18,12.0
100,19,1.0
101,4,21.0
101,6,39.0
101,9,60.0
101,11,127.0
101,16,3.0
101,18,5.0
101,19,1.0
104,6,11.0
104,9,39.0
104,11,10.0
104,19,1.0
106,4,3.0
106,6,3.0
106,9,3.0
106,11,5.0
106,19,1.0
108,4,2.0
108,6,6.0
108,9,7.0
108,11,4.0
108,19,1.0
110,4,5.0
110,6,9.0
110,9,30.0
110,11,79.0
110,19,1.0
111,6,2.0
111,9,7.0
111,11,2.0
112,4,81.0
112,6,41.0
112,9,28.0
112,11,131.0
112,19,1.0
113,6,17.0
113,9,29.0
113,11,79.0
113,19,5.0
114,4,3.0
114,6,4.0
114,9,2.0
114,11,4.0
114,19,1.0
115,4,11.0
115,6,9.0
115,9,32.0
115,11,4.0
115,16,1.0
115,18,2.0
115,19,1.0
116,6,4.0
116,11,34.0
117,4,6.0
117,6,3.0
117,19,1.0
119,6,11.0
119,11,39.0
121,6,7.0
121,9,9.0
121,11,5.0
121,19,1.0
122,6,1.0
127,4,17.0
127,6,16.0
127,9,46.0
127,11,96.0
127,18,1.0
127,19,1.0
128,4,3.0
128,6,26.0
128,9,51.0
128,11,55.0
128,16,4.0
129,4,14.0
129,6,18.0
129,9,55.0
129,11,156.0
129,14,1.0
129,18,4.0
129,19,4.0
130,6,1.0
130,11,14.0
131,6,12.0
131,9,16.0
131,11,48.0
133,4,82.0
133,6,20.0
133,9,21.0
133,11,62.0
136,6,5.0
136,9,18.0
136,11,40.0
137,4,54.0
137,6,24.0
137,9,64.0
137,11,73.0
137,16,3.0
137,18,4.0
137,19,1.0
139,4,30.0
139,6,77.0
139,8,3.0
139,9,142.0
139,11,264.0
139,18,1.0
139,19,6.0
141,4,7.0
141,6,14.0
141,9,44.0
141,16,1.0
141,18,2.0
141,19,3.0
143,6,2.0
143,9,1.0
143,19,1.0
145,4,6.0
145,6,4.0
145,9,14.0
145,11,22.0
145,16,1.0
145,19,1.0
147,4,3.0
147,6,2.0
148,6,8.0
148,9,3.0
148,11,11.0
151,4,3.0
151,6,10.0
151,9,26.0
151,11,5.0
151,19,4.0
152,6,6.0
152,9,36.0
152,11,22.0
152,16,2.0
153,9,8.0
153,11,30.0
154,4,96.0
154,6,35.0
154,9,3.0
154,11,23.0
154,16,3.0
154,18,4.0
159,4,3.0
159,6,11.0
159,9,15.0
159,11,2.0
160,4,4.0
160,6,3.0
160,9,25.0
160,11,35.0
160,18,1.0
161,6,3.0
161,9,3.0
161,11,9.0
162,4,30.0
162,6,12.0
162,9,56.0
162,11,5.0
162,19,2.0
163,6,14.0
163,9,39.0
163,11,111.0
163,16,1.0
163,19,1.0
166,4,7.0
166,6,6.0
166,9,19.0
166,11,26.0
167,6,10.0
167,9,28.0
167,11,24.0
167,14,1.0
167,19,2.0
168,4,26.0
168,6,32.0
168,8,2.0
168,9,33.0
168,11,148.0
168,16,1.0
170,6,4.0
170,9,9.0
170,11,38.0
171,4,104.0
171,6,50.0
171,9,33.0
171,11,254.0
171,14,1.0
171,18,3.0
171,19,1.0
173,6,5.0
173,9,59.0
173,11,41.0
173,16,1.0
173,19,1.0
174,4,6.0
174,6,6.0
174,11,20.0
174,18,1.0
176,6,11.0
176,9,30.0
176,11,100.0
176,16,1.0
178,6,3.0
178,11,60.0
178,16,1.0
178,19,2.0
179,4,9.0
179,6,4.0
179,9,3.0
179,11,56.0
181,6,34.0
181,9,43.0
181,11,79.0
181,18,3.0
181,19,2.0
182,6,17.0
182,9,26.0
182,11,8.0
182,19,1.0
184,6,3.0
184,9,20.0
184,11,26.0
185,4,25.0
185,6,47.0
185,8,1.0
185,9,135.0
185,11,99.0
185,14,11.0
185,16,1.0
185,18,5.0
185,19,7.0
186,4,17.0
186,6,17.0
186,9,26.0
186,11,113.0
189,4,1.0
189,6,21.0
189,8,3.0
189,9,11.0
189,11,76.0
189,14,1.0
189,18,1.0
189,19,6.0
190,4,86.0
190,6,17.0
190,9,5.0
190,11,180.0
190,18,1.0
190,19,3.0
192,6,1.0
192,9,14.0
192,11,6.0
193,6,2.0
193,9,17.0
193,11,43.0
193,18,2.0
194,4,36.0
194,6,38.0
194,9,35.0
194,11,98.0
194,16,1.0
196,4,4.0
196,6,8.0
196,9,5.0
196,11,11.0
196,18,2.0
196,19,1.0
197,4,19.0
197,6,10.0
197,8,2.0
197,9,5.0
197,11,45.0
197,18,1.0
198,6,1.0
199,4,23.0
199,6,26.0
199,9,49.0
199,11,82.0
199,19,2.0
200,6,10.0
200,9,29.0
200,11,9.0
200,18,2.0
200,19,1.0
201,4,4.0
201,6,5.0
201,9,7.0
201,11,40.0
201,14,1.0
201,19,1.0
203,6,5.0
203,9,8.0
203,11,11.0
205,6,6.0
205,9,27.0
205,11,9.0
206,6,1.0
207,6,6.0
207,9,22.0
207,11,48.0
207,19,1.0
209,6,9.0
209,9,26.0
209,11,59.0
209,16,1.0
210,6,2.0
210,9,11.0
211,4,23.0
211,6,19.0
211,9,17.0
211,11,88.0
211,19,1.0
213,6,4.0
213,9,16.0
213,11,22.0
213,16,4.0
214,4,64.0
214,6,7.0
214,9,26.0
214,11,53.0
214,19,2.0
215,6,4.0
215,9,1.0
215,11,18.0
215,16,1.0
215,18,1.0
216,4,53.0
216,6,50.0
216,9,53.0
216,11,144.0
216,14,1.0
216,19,4.0
217,6,7.0
217,9,18.0
217,11,2.0
217,18,1.0
217,19,3.0
219,4,40.0
219,6,1.0
219,9,22.0
219,11,19.0
219,18,1.0
219,19,2.0
220,6,3.0
220,9,6.0
223,4,32.0
223,6,16.0
223,9,8.0
223,11,68.0
223,14,1.0
223,18,2.0
224,4,12.0
224,6,13.0
224,9,27.0
224,11,41.0
224,19,3.0
225,6,8.0
225,8,1.0
225,9,4.0
225,11,161.0
225,19,1.0
227,4,20.0
227,6,26.0
227,9,52.0
227,11,153.0
227,16,1.0
227,19,3.0
228,6,3.0
228,11,8.0
228,19,1.0
230,4,8.0
230,6,8.0
230,9,2.0
230,11,83.0
230,18,1.0
231,6,1.0
231,9,4.0
231,16,1.0
232,6,16.0
232,9,75.0
232,11,103.0
232,16,1.0
232,19,4.0
233,6,24.0
233,9,100.0
233,11,122.0
233,16,3.0
233,19,2.0
234,4,68.0
234,6,30.0
234,9,84.0
234,11,136.0
234,14,1.0
234,18,8.0
234,19,1.0
236,4,4.0
236,6,14.0
236,9,39.0
236,11,103.0
236,16,3.0
236,19,1.0
239,4,55.0
239,6,20.0
239,9,29.0
239,11,69.0
239,19,1.0
241,4,22.0
241,6,14.0
241,8,3.0
241,9,19.0
241,11,70.0
241,16,2.0
241,19,2.0
243,6,2.0
243,9,2.0
243,11,17.0
245,6,67.0
245,9,145.0
245,11,273.0
245,16,1.0
245,19,2.0
246,4,5.0
246,6,15.0
246,9,44.0
246,11,151.0
246,14,1.0
246,19,1.0
248,6,7.0
248,9,13.0
248,11,60.0
248,19,1.0
249,6,5.0
249,9,10.0
249,11,34.0
249,19,1.0
250,6,5.0
250,9,40.0
250,11,13.0
250,19,2.0
253,4,42.0
253,6,19.0
253,9,8.0
253,11,24.0
253,14,83.0
253,18,2.0
253,19,4.0
255,4,16.0
255,6,4.0
255,9,27.0
255,11,36.0
256,6,2.0
256,9,11.0
256,18,1.0
257,6,3.0
257,9,8.0
257,18,4.0
260,6,2.0
260,9,7.0
260,11,22.0
261,6,1.0
261,9,9.0
265,6,11.0
265,9,34.0
265,11,178.0
265,19,8.0
271,4,11.0
271,6,13.0
271,9,66.0
271,11,8.0
271,18,2.0
271,19,1.0
275,6,8.0
275,9,13.0
275,11,44.0
276,6,6.0
276,9,16.0
276,14,1.0
276,19,1.0
277,6,4.0
277,9,8.0
277,19,2.0
278,4,2.0
278,6,5.0
278,9,1.0
278,11,26.0
278,14,1.0
278,16,1.0
278,19,1.0
280,6,8.0
280,9,22.0
280,11,28.0
282,6,6.0
282,9,17.0
282,11,20.0
286,6,14.0
286,9,65.0
286,11,131.0
286,16,1.0
286,19,3.0
288,4,5.0
288,6,3.0
288,8,1.0
288,9,2.0
288,11,9.0
288,19,1.0
291,4,33.0
291,6,54.0
291,9,41.0
291,11,51.0
291,19,1.0
293,4,32.0
293,6,13.0
293,9,16.0
293,11,71.0
293,19,1.0
294,4,18.0
294,6,12.0
294,9,36.0
294,11,180.0
294,19,2.0
295,4,81.0
295,9,39.0
295,11,74.0
295,19,4.0
296,4,9.0
296,6,8.0
296,9,10.0
296,11,30.0
296,18,3.0
296,19,1.0
298,4,10.0
298,6,25.0
298,8,2.0
298,9,97.0
298,11,68.0
298,14,1.0
298,16,3.0
298,18,7.0
298,19,3.0
299,4,2.0
299,6,5.0
299,9,4.0
299,11,48.0
299,16,1.0
299,19,1.0
303,6,6.0
303,9,39.0
303,18,3.0
304,6,4.0
304,9,8.0
304,11,43.0
304,14,1.0
305,6,2.0
305,9,3.0
305,11,1.0
305,19,1.0
308,4,7.0
308,6,7.0
308,9,25.0
308,11,13.0
308,16,1.0
310,4,4.0
310,6,10.0
310,8,1.0
310,9,24.0
310,11,39.0
310,18,1.0
310,19,3.0
311,6,1.0
311,9,3.0
311,11,20.0
312,6,11.0
313,6,2.0
313,9,14.0
313,11,88.0
313,19,1.0
314,6,2.0
315,4,49.0
315,6,36.0
315,9,54.0
315,11,59.0
315,16,3.0
315,18,1.0
315,19,4.0
317,4,5.0
317,6,16.0
317,9,53.0
317,11,86.0
317,18,1.0
317,19,4.0
319,6,6.0
319,9,15.0
319,11,18.0
319,14,1.0
319,19,4.0
320,6,4.0
320,9,37.0
320,11,127.0
320,19,6.0
321,4,31.0
321,6,29.0
321,8,1.0
321,9,51.0
321,11,126.0
321,18,6.0
321,19,4.0
322,4,2.0
322,6,15.0
322,9,19.0
322,11,3.0
329,4,39.0
329,6,30.0
329,9,44.0
329,11,22.0
329,16,6.0
329,19,1.0
332,4,16.0
332,6,33.0
332,9,52.0
332,11,175.0
332,16,1.0
332,18,3.0
332,19,13.0
333,6,5.0
333,9,39.0
334,6,3.0
334,9,22.0
335,6,3.0
335,9,2.0
335,18,4.0
335,19,2.0
336,4,6.0
336,6,3.0
336,9,18.0
336,11,15.0
336,19,1.0
338,4,3.0
338,6,12.0
338,9,12.0
338,11,24.0
338,18,2.0
338,19,5.0
340,4,10.0
340,6,25.0
340,9,25.0
340,11,41.0
340,18,1.0
340,19,4.0
341,6,8.0
341,9,43.0
341,11,16.0
341,18,1.0
342,6,11.0
342,9,55.0
342,11,63.0
342,19,3.0
343,4,8.0
343,6,15.0
343,9,6.0
343,11,60.0
343,18,1.0
343,19,3.0
345,6,3.0
345,9,14.0
345,11,17.0
345,18,1.0
346,6,17.0
346,9,34.0
346,11,69.0
346,19,1.0
347,6,5.0
347,9,3.0
347,11,2.0
347,19,1.0
349,6,2.0
349,19,1.0
350,6,10.0
350,8,1.0
350,9,10.0
350,19,2.0
352,6,16.0
352,9,33.0
352,11,202.0
352,14,1.0
352,19,1.0
354,6,5.0
354,9,57.0
354,11,8.0
354,19,3.0
356,6,1.0
356,9,15.0
357,6,27.0
357,9,43.0
357,11,105.0
357,16,3.0
357,19,2.0
360,6,6.0
360,9,4.0
360,11,15.0
360,18,1.0
363,4,47.0
363,6,19.0
363,9,130.0
363,11,153.0
363,14,2.0
363,16,4.0
363,18,6.0
363,19,4.0
365,6,10.0
365,9,37.0
365,11,30.0
365,18,2.0
366,4,5.0
366,6,3.0
366,9,5.0
366,11,37.0
366,19,1.0
368,6,23.0
368,8,1.0
368,9,30.0
368,11,60.0
368,18,4.0
370,6,4.0
370,9,29.0
370,11,37.0
370,16,1.0
372,6,2.0
372,9,5.0
375,4,7.0
375,6,11.0
375,9,34.0
375,11,98.0
377,4,35.0
377,6,11.0
377,11,26.0
377,18,2.0
378,6,2.0
378,9,10.0
379,4,6.0
379,6,9.0
379,8,1.0
379,9,6.0
379,11,37.0
379,14,1.0
379,18,1.0
382,4,4.0
382,6,12.0
382,9,50.0
382,11,165.0
382,19,7.0
383,6,9.0
383,9,24.0
383,11,46.0
383,14,1.0
383,16,4.0
383,18,3.0
383,19,1.0
384,6,20.0
384,8,3.0
384,9,47.0
384,11,85.0
384,14,1.0
384,16,3.0
384,18,2.0
386,4,117.0
386,6,55.0
386,9,64.0
386,11,146.0
386,18,2.0
386,19,3.0
388,4,2.0
388,6,11.0
388,9,55.0
388,11,68.0
388,18,1.0
388,19,3.0
389,4,109.0
389,6,23.0
389,9,30.0
389,11,91.0
389,18,1.0
389,19,3.0
391,4,6.0
391,6,24.0
391,9,36.0
391,11,102.0
391,18,2.0
391,19,3.0
394,4,35.0
394,6,23.0
394,8,2.0
394,9,9.0
394,11,104.0
394,16,1.0
394,18,4.0
395,6,7.0
395,9,31.0
395,11,57.0
395,16,2.0
396,4,32.0
396,6,11.0
396,9,18.0
396,11,91.0
396,14,1.0
396,18,3.0
396,19,2.0
398,6,1.0
398,8,4.0
399,6,1.0
400,6,3.0
400,9,4.0
400,11,1.0
400,19,1.0
404,6,3.0
404,9,16.0
404,11,18.0
407,4,1.0
407,6,32.0
407,9,63.0
407,11,209.0
408,4,4.0
408,6,10.0
408,9,40.0
408,11,87.0
408,16,5.0
408,18,12.0
408,19,1.0
410,4,10.0
410,6,8.0
410,9,2.0
410,11,64.0
410,19,1.0
411,6,17.0
411,9,39.0
411,11,154.0
411,14,2.0
411,16,2.0
411,19,2.0
412,6,3.0
412,9,2.0
412,11,2.0
412,19,1.0
413,6,2.0
413,19,2.0
416,6,8.0
416,9,47.0
416,11,6.0
416,14,1.0
416,16,1.0
416,19,2.0
418,6,2.0
418,9,8.0
418,18,1.0
420,6,5.0
420,9,13.0
420,11,35.0
420,16,3.0
420,19,1.0
424,6,2.0
425,6,1.0
426,4,7.0
426,6,8.0
426,9,69.0
426,11,54.0
426,16,1.0
426,19,1.0
427,6,9.0
427,9,29.0
427,11,203.0
427,16,2.0
427,18,5.0
427,19,1.0
429,6,17.0
429,9,49.0
429,11,154.0
429,19,2.0
430,4,14.0
430,6,20.0
430,9,42.0
430,11,15.0
430,16,2.0
430,18,5.0
430,19,1.0
431,6,15.0
431,9,19.0
431,11,123.0
431,14,1.0
431,18,1.0
431,19,3.0
433,4,19.0
433,6,4.0
433,9,3.0
434,6,4.0
434,9,3.0
434,11,3.0
435,4,7.0
435,6,10.0
435,9,20.0
435,11,28.0
435,14,1.0
435,19,1.0
436,4,12.0
436,6,1.0
436,9,13.0
436,11,18.0
436,19,1.0
437,4,12.0
437,6,7.0
437,9,1.0
437,11,19.0
437,19,1.0
438,4,22.0
438,6,26.0
438,8,2.0
438,9,36.0
438,11,45.0
438,16,1.0
438,19,6.0
439,4,27.0
439,6,21.0
439,8,1.0
439,9,43.0
439,11,30.0
440,4,2.0
440,6,3.0
440,9,9.0
440,11,10.0
441,4,11.0
441,6,8.0
441,9,6.0
441,11,46.0
442,6,1.0
445,6,11.0
445,9,29.0
445,11,13.0
445,18,1.0
446,6,7.0
446,9,15.0
446,11,5.0
446,19,1.0
448,4,11.0
448,6,8.0
448,9,27.0
448,11,41.0
448,14,1.0
448,19,4.0
449,6,2.0
449,9,35.0
449,11,18.0
451,4,7.0
451,6,12.0
451,8,5.0
451,9,34.0
451,11,10.0
451,16,1.0
451,19,1.0
453,4,2.0
453,6,4.0
453,8,1.0
453,9,25.0
453,11,52.0
454,6,7.0
454,9,18.0
454,11,15.0
454,14,1.0
455,4,121.0
455,6,100.0
455,9,68.0
455,11,221.0
455,14,1.0
455,19,8.0
456,6,30.0
456,9,16.0
456,11,168.0
456,16,2.0
456,18,4.0
456,19,9.0
458,6,6.0
458,11,20.0
458,19,3.0
460,6,6.0
460,9,5.0
460,11,29.0
460,16,2.0
461,6,2.0
461,9,5.0
462,4,5.0
462,6,17.0
462,9,25.0
462,11,131.0
462,18,1.0
462,19,1.0
464,4,5.0
464,6,11.0
464,8,9.0
464,9,4.0
464,11,4.0
466,9,1.0
469,6,4.0
469,9,8.0
469,11,41.0
469,16,1.0
469,19,2.0
470,6,4.0
470,9,23.0
471,4,16.0
471,6,7.0
471,9,6.0
471,11,34.0
471,19,1.0
473,4,19.0
473,6,11.0
473,11,21.0
473,18,2.0
474,6,36.0
474,9,53.0
474,11,142.0
474,16,2.0
474,18,7.0
474,19,2.0
475,6,7.0
475,9,22.0
475,11,53.0
475,19,1.0
476,6,2.0
476,9,2.0
477,6,5.0
477,9,9.0
477,16,2.0
478,4,1.0
478,6,12.0
478,9,22.0
478,11,98.0
478,18,1.0
478,19,1.0
484,4,24.0
484,6,6.0
484,9,7.0
484,11,36.0
484,14,1.0
484,16,3.0
484,18,1.0
484,19,1.0
486,4,7.0
486,6,7.0
486,9,35.0
486,11,30.0
486,16,4.0
486,18,3.0
486,19,1.0
488,6,7.0
488,9,8.0
488,11,13.0
491,6,17.0
491,9,23.0
491,11,10.0
493,6,5.0
493,9,32.0
493,11,71.0
493,18,1.0
493,19,2.0
494,6,4.0
494,9,8.0
494,11,6.0
495,6,5.0
495,9,56.0
495,19,1.0
498,6,2.0
498,11,11.0
498,19,2.0
500,4,9.0
500,6,6.0
500,9,29.0
500,11,1.0
500,16,2.0
500,19,2.0
501,4,33.0
501,6,18.0
501,9,69.0
501,11,169.0
501,14,1.0
501,16,2.0
501,18,7.0
501,19,1.0
502,4,2.0
502,6,12.0
502,9,26.0
502,11,30.0
502,16,1.0
502,18,2.0
502,19,3.0
504,4,53.0
504,6,25.0
504,9,41.0
504,11,95.0
504,14,1.0
504,16,1.0
504,19,2.0
505,4,4.0
505,6,4.0
505,9,12.0
505,11,5.0
505,14,1.0
505,19,1.0
506,4,4.0
506,6,20.0
506,9,63.0
506,11,42.0
506,14,1.0
506,19,2.0
507,6,3.0
507,9,7.0
508,4,50.0
508,6,12.0
508,9,3.0
508,11,57.0
508,19,1.0
512,6,1.0
512,9,5.0
512,11,1.0
513,6,1.0
515,4,1.0
515,6,3.0
516,4,8.0
516,6,14.0
516,9,49.0
516,11,32.0
516,16,1.0
516,19,7.0
518,4,14.0
518,6,8.0
518,9,26.0
518,11,10.0
518,18,1.0
518,19,3.0
521,6,2.0
521,9,1.0
521,11,51.0
522,4,68.0
522,6,32.0
522,9,33.0
522,11,95.0
522,19,4.0
524,6,6.0
524,9,8.0
524,11,18.0
524,19,1.0
525,6,1.0
525,9,1.0
525,11,6.0
525,19,1.0
527,6,1.0
527,19,1.0
529,6,5.0
529,9,23.0
529,11,13.0
529,16,1.0
531,4,1.0
531,6,6.0
531,9,11.0
531,11,12.0
531,16,1.0
531,19,1.0
532,4,4.0
532,6,3.0
532,9,10.0
532,11,16.0
532,19,1.0
533,6,16.0
533,9,43.0
533,11,27.0
533,14,1.0
533,18,2.0
533,19,3.0
534,6,17.0
534,9,23.0
534,11,84.0
534,19,4.0
535,4,10.0
535,6,7.0
535,9,29.0
535,11,76.0
535,16,1.0
537,6,1.0
537,9,3.0
537,11,1.0
538,6,2.0
538,9,14.0
538,11,4.0
539,4,16.0
539,6,18.0
539,9,31.0
539,11,9.0
539,14,1.0
539,19,4.0
541,4,3.0
541,6,10.0
541,9,41.0
541,11,44.0
541,16,1.0
542,4,8.0
542,6,26.0
542,9,46.0
542,11,99.0
542,14,14.0
542,19,1.0
544,6,2.0
544,9,7.0
544,11,1.0
545,6,1.0
545,11,31.0
548,6,2.0
548,9,18.0
548,11,14.0
548,16,1.0
550,4,32.0
550,6,15.0
550,9,23.0
550,11,58.0
550,14,1.0
550,18,3.0
550,19,2.0
551,6,6.0
551,9,42.0
551,11,26.0
551,16,5.0
551,19,1.0
552,6,1.0
552,19,1.0
553,4,30.0
553,6,7.0
553,9,13.0
553,11,37.0
553,19,2.0
554,6,36.0
554,9,15.0
554,11,135.0
554,16,3.0
554,18,3.0
555,4,3.0
555,6,3.0
555,9,8.0
555,19,4.0
558,6,16.0
558,9,78.0
558,11,27.0
558,18,5.0
558,19,1.0
559,6,13.0
559,9,17.0
559,11,8.0
559,14,1.0
559,16,1.0
561,4,7.0
561,6,11.0
561,9,7.0
561,11,7.0
561,18,1.0
561,19,1.0
562,6,12.0
562,9,41.0
562,11,158.0
562,18,2.0
562,19,5.0
563,4,88.0
563,6,5.0
563,9,36.0
563,11,34.0
563,16,1.0
563,19,2.0
564,6,16.0
564,9,29.0
564,11,60.0
564,14,2.0
564,16,1.0
564,19,2.0
565,7,0.001
571,4,11.0
571,6,17.0
571,9,77.0
571,11,105.0
571,14,1.0
572,4,92.0
572,6,16.0
572,9,8.0
572,11,173.0
572,18,3.0
573,4,74.0
573,6,38.0
573,9,65.0
573,11,112.0
573,16,2.0
573,18,3.0
573,19,4.0
574,6,12.0
574,9,23.0
574,11,18.0
574,19,4.0
575,4,1.0
575,6,4.0
575,8,3.0
575,9,6.0
575,11,36.0
575,18,2.0
576,4,8.0
576,6,28.0
576,9,52.0
576,11,70.0
576,16,1.0
576,19,5.0
577,6,3.0
577,9,13.0
577,19,1.0
578,4,65.0
578,6,35.0
578,9,30.0
578,11,76.0
578,18,1.0
578,19,1.0
579,6,10.0
579,9,20.0
579,11,54.0
579,19,1.0
580,6,1.0
580,9,3.0
581,4,58.0
581,6,9.0
581,9,9.0
581,11,79.0
581,19,2.0
583,6,2.0
583,9,13.0
583,11,1.0
583,19,2.0
584,6,2.0
584,9,33.0
584,11,20.0
584,19,1.0
585,6,9.0
585,9,31.0
585,11,63.0
585,16,1.0
586,4,6.0
586,6,22.0
586,9,73.0
586,11,146.0
586,14,2.0
586,16,1.0
586,18,1.0
586,19,2.0
589,4,8.0
589,6,17.0
589,9,51.0
589,11,3.0
590,4,34.0
590,6,4.0
590,9,2.0
590,11,15.0
591,6,8.0
591,9,44.0
591,11,75.0
591,16,2.0
591,18,1.0
591,19,1.0
592,4,35.0
592,6,31.0
592,9,12.0
592,11,66.0
592,14,2.0
592,18,2.0
592,19,2.0
593,6,4.0
593,9,23.0
593,11,8.0
593,16,1.0
593,18,1.0
594,4,7.0
594,6,5.0
594,9,19.0
594,11,31.0
595,4,8.0
595,6,15.0
595,9,28.0
595,11,16.0
595,16,2.0
599,6,4.0
599,11,20.0
599,19,1.0
600,4,20.0
600,6,14.0
600,9,55.0
600,11,176.0
600,14,1.0
600,19,2.0
602,6,6.0
602,9,5.0
602,11,23.0
602,18,2.0
603,6,4.0
603,9,15.0
603,16,1.0
604,4,23.0
604,6,9.0
604,9,19.0
604,11,10.0
604,19,1.0
605,4,2.0
605,6,17.0
605,9,31.0
605,11,194.0
606,6,13.0
606,9,32.0
606,11,1.0
606,16,1.0
606,18,1.0
606,19,10.0
607,4,9.0
607,6,22.0
607,9,10.0
607,11,98.0
607,19,4.0
609,4,51.0
609,6,18.0
609,9,2.0
609,11,47.0
609,14,1.0
609,19,2.0
610,4,4.0
610,6,14.0
610,8,1.0
610,9,40.0
610,11,14.0
610,19,2.0
611,4,6.0
611,6,12.0
611,9,32.0
611,11,41.0
611,18,1.0
611,19,2.0
612,6,33.0
612,9,48.0
612,11,139.0
613,4,8.0
613,6,9.0
613,9,12.0
613,11,138.0
613,18,3.0
613,19,1.0
614,4,14.0
614,6,10.0
614,9,8.0
614,11,48.0
614,19,4.0
616,4,5.0
616,6,8.0
616,9,15.0
616,11,13.0
616,19,2.0
617,4,9.0
617,6,15.0
617,9,43.0
617,11,55.0
617,16,1.0
617,18,3.0
617,19,1.0
619,6,7.0
619,8,4.0
619,9,40.0
619,11,44.0
619,18,2.0
619,19,2.0
620,4,1.0
620,6,10.0
620,9,38.0
620,16,1.0
620,18,1.0
620,19,2.0
622,4,1.0
623,9,50.0
623,11,23.0
623,16,1.0
629,6,1.0
629,9,2.0
630,6,7.0
630,9,15.0
630,16,1.0
630,19,1.0
631,4,52.0
631,6,9.0
631,9,9.0
631,11,27.0
632,6,2.0
632,19,2.0
637,4,8.0
637,6,8.0
637,9,22.0
637,11,37.0
638,4,34.0
638,6,16.0
638,9,12.0
638,11,78.0
642,4,27.0
642,6,11.0
642,9,41.0
642,11,39.0
642,16,1.0
642,19,1.0
643,4,18.0
643,6,19.0
643,9,33.0
643,11,33.0
643,19,6.0
644,6,6.0
644,9,19.0
644,11,29.0
644,16,1.0
644,19,1.0
645,6,4.0
645,9,36.0
645,11,79.0
645,18,1.0
646,6,1.0
646,9,4.0
646,11,15.0
647,6,6.0
647,9,10.0
647,11,43.0
647,16,1.0
647,18,2.0
647,19,1.0
649,4,20.0
649,6,10.0
649,9,46.0
649,11,34.0
649,16,2.0
650,4,68.0
650,6,87.0
650,8,3.0
650,9,13.0
650,11,235.0
650,14,1.0
650,16,1.0
650,18,1.0
650,19,8.0
653,6,5.0
653,9,13.0
653,11,5.0
653,16,2.0
653,18,1.0
655,4,43.0
655,6,22.0
655,9,31.0
655,11,73.0
655,16,4.0
655,19,2.0
656,4,39.0
656,6,27.0
656,9,51.0
656,11,99.0
656,19,2.0
658,4,9.0
658,6,17.0
658,9,4.0
658,11,85.0
659,6,11.0
659,9,36.0
659,11,126.0
659,18,1.0
659,19,1.0
660,6,9.0
660,9,41.0
660,11,74.0
660,18,2.0
660,19,1.0
661,4,35.0
661,6,30.0
661,9,24.0
661,11,22.0
661,16,2.0
661,18,9.0
661,19,6.0
663,9,3.0
663,19,1.0
665,6,12.0
665,9,38.0
665,11,131.0
666,6,28.0
666,9,24.0
666,11,146.0
666,19,5.0
667,6,1.0
667,9,4.0
667,18,1.0
669,6,3.0
669,9,9.0
669,11,1.0
669,19,2.0
670,4,33.0
670,6,19.0
670,9,91.0
670,11,52.0
670,14,1.0
670,16,1.0
670,18,16.0
670,19,7.0
671,6,17.0
671,9,57.0
671,11,69.0
671,16,2.0
671,18,8.0
671,19,2.0
675,6,1.0
675,19,1.0
676,6,4.0
676,9,33.0
678,6,1.0
678,9,3.0
680,4,111.0
680,6,56.0
680,9,47.0
680,11,274.0
680,18,1.0
680,19,3.0
682,4,21.0
682,6,23.0
682,8,2.0
682,9,14.0
682,11,143.0
682,14,1.0
682,19,3.0
683,4,8.0
683,6,4.0
683,9,29.0
683,11,68.0
686,4,4.0
686,6,14.0
686,9,50.0
686,11,37.0
687,6,12.0
687,9,24.0
687,11,108.0
687,18,1.0
687,19,1.0
689,4,15.0
689,6,5.0
689,9,11.0
689,11,30.0
689,19,1.0
693,6,5.0
693,9,7.0
694,6,1.0
694,9,38.0
694,11,67.0
694,16,3.0
694,19,1.0
696,4,4.0
696,6,21.0
696,9,21.0
696,11,88.0
696,19,2.0
697,4,59.0
697,6,21.0
697,9,7.0
697,11,37.0
697,18,1.0
698,6,16.0
698,9,15.0
698,11,179.0
698,16,2.0
702,4,16.0
702,6,24.0
702,9,55.0
702,11,38.0
702,16,3.0
702,18,2.0
702,19,1.0
703,6,1.0
703,9,1.0
704,4,53.0
704,6,30.0
704,9,21.0
704,11,101.0
704,18,2.0
704,19,1.0
706,6,9.0
706,9,25.0
706,11,79.0
706,19,1.0
708,4,7.0
708,6,17.0
708,9,9.0
708,11,34.0
708,19,1.0
710,4,98.0
710,6,19.0
710,9,50.0
710,11,173.0
714,6,3.0
714,9,60.0
714,11,58.0
716,4,22.0
716,6,7.0
716,9,4.0
716,11,31.0
717,4,6.0
717,6,3.0
717,9,1.0
717,11,62.0
717,19,1.0
724,6,9.0
724,9,9.0
724,11,46.0
725,6,1.0
725,9,3.0
725,16,1.0
727,4,1.0
727,6,14.0
727,8,2.0
727,9,14.0
727,11,58.0
727,19,1.0
729,4,7.0
729,6,8.0
729,9,5.0
729,11,1.0
729,18,4.0
729,19,1.0
730,4,2.0
730,6,16.0
730,8,8.0
730,9,37.0
730,11,114.0
730,18,3.0
730,19,1.0
732,6,1.0
732,9,1.0
733,6,1.0
733,9,2.0
735,6,1.0
737,6,25.0
737,9,130.0
737,11,136.0
737,14,1.0
737,19,1.0
738,6,5.0
738,9,18.0
738,11,55.0
738,19,1.0
739,4,6.0
739,6,2.0
739,9,2.0
739,11,3.0
739,19,2.0
742,6,1.0
742,9,4.0
744,4,7.0
744,6,11.0
744,9,34.0
744,11,44.0
747,6,5.0
747,9,31.0
747,19,3.0
749,6,2.0
749,9,4.0
749,11,2.0
751,4,9.0
751,6,28.0
751,9,47.0
751,11,142.0
751,16,2.0
751,18,5.0
751,19,5.0
753,6,6.0
753,9,15.0
753,11,21.0
753,19,1.0
755,6,8.0
755,9,6.0
755,11,29.0
755,14,1.0
755,19,1.0
756,4,10.0
756,6,14.0
756,9,33.0
756,11,111.0
756,16,1.0
756,19,3.0
757,6,4.0
757,9,12.0
757,11,32.0
758,6,8.0
758,9,23.0
758,11,42.0
759,4,23.0
759,6,17.0
759,9,8.0
759,11,8.0
759,14,2.0
761,6,35.0
761,9,68.0
761,11,214.0
761,18,5.0
761,19,1.0
763,6,1.0
764,6,8.0
764,9,34.0
764,11,41.0
764,16,2.0
765,4,15.0
765,6,35.0
765,9,30.0
765,11,133.0
765,18,2.0
765,19,3.0
766,4,4.0
766,6,12.0
766,9,10.0
766,11,17.0
766,19,3.0
770,4,1.0
770,6,1.0
770,9,7.0
770,19,1.0
771,4,10.0
771,6,18.0
771,9,36.0
771,11,59.0
771,16,8.0
771,18,4.0
771,19,1.0
778,4,9.0
778,6,17.0
778,9,21.0
778,11,124.0
778,16,2.0
778,19,2.0
779,4,25.0
779,6,10.0
779,9,2.0
779,11,94.0
779,14,1.0
779,19,3.0
780,6,9.0
780,9,32.0
780,19,1.0
782,6,31.0
782,9,32.0
782,11,121.0
782,16,1.0
782,18,3.0
782,19,5.0
784,6,15.0
784,9,55.0
784,11,57.0
784,18,2.0
784,19,3.0
785,4,4.0
785,6,5.0
785,11,8.0
787,6,3.0
788,6,1.0
789,4,12.0
789,6,7.0
789,9,33.0
789,11,143.0
790,4,8.0
790,6,4.0
790,9,31.0
790,11,63.0
790,19,3.0
791,6,2.0
791,9,6.0
791,11,25.0
792,6,1.0
793,6,1.0
793,9,6.0
793,14,1.0
794,6,9.0
794,9,18.0
794,11,49.0
794,19,1.0
795,6,9.0
795,9,16.0
795,11,16.0
796,4,3.0
796,6,10.0
796,9,22.0
796,11,41.0
796,19,3.0
798,6,7.0
798,9,23.0
798,11,36.0
800,6,2.0
800,9,14.0
800,11,16.0
800,14,1.0
801,4,8.0
801,6,6.0
801,9,31.0
801,11,129.0
801,16,4.0
801,18,2.0
801,19,9.0
803,6,13.0
803,9,1.0
803,11,117.0
803,19,3.0
804,4,5.0
804,6,13.0
804,9,8.0
804,11,109.0
805,6,4.0
805,9,20.0
805,11,16.0
807,4,21.0
807,6,11.0
807,9,11.0
807,11,14.0
807,14,5.0
807,18,3.0
807,19,6.0
808,6,1.0
808,9,5.0
809,4,6.0
809,6,4.0
809,9,11.0
809,11,21.0
810,4,29.0
810,6,38.0
810,8,14.0
810,9,54.0
810,11,213.0
810,18,6.0
810,19,8.0
811,4,5.0
811,6,8.0
811,9,22.0
811,11,17.0
811,19,2.0
812,4,12.0
812,6,7.0
812,9,6.0
812,11,50.0
814,6,1.0
814,9,1.0
815,6,1.0
815,11,8.0
816,6,1.0
816,9,9.0
816,11,5.0
817,6,1.0
817,9,7.0
817,11,11.0
818,6,4.0
818,9,14.0
818,11,95.0
818,19,1.0
823,4,30.0
823,6,21.0
823,8,1.0
823,9,23.0
823,11,92.0
823,16,1.0
823,19,1.0
825,4,5.0
825,6,5.0
825,9,9.0
825,11,23.0
826,6,2.0
826,11,31.0
828,6,4.0
828,9,35.0
828,11,34.0
828,19,1.0
829,6,2.0
829,9,12.0
829,11,1.0
830,4,6.0
830,6,11.0
830,9,12.0
830,11,143.0
830,19,1.0
833,4,67.0
833,6,22.0
833,9,20.0
833,11,15.0
833,14,2.0
833,19,1.0
834,4,3.0
834,6,3.0
834,9,33.0
834,11,13.0
834,16,2.0
834,18,1.0
834,19,2.0
836,4,33.0
836,6,6.0
836,9,14.0
836,11,65.0
838,4,48.0
838,6,44.0
838,9,61.0
838,11,120.0
838,14,2.0
838,16,1.0
838,18,2.0
838,19,1.0
840,4,6.0
840,6,11.0
840,9,21.0
840,11,78.0
840,16,3.0
840,18,4.0
840,19,5.0
841,6,19.0
841,9,27.0
841,11,126.0
841,16,1.0
841,19,2.0
842,6,2.0
842,19,2.0
843,4,22.0
843,6,17.0
843,9,5.0
843,11,109.0
843,16,4.0
846,6,3.0
846,9,7.0
847,4,35.0
847,6,7.0
847,9,9.0
847,11,40.0
847,19,1.0
850,6,3.0
850,9,2.0
853,4,2.0
853,6,2.0
853,9,27.0
853,11,15.0
853,16,1.0
854,6,6.0
854,9,11.0
854,11,14.0
854,18,3.0
854,19,1.0
855,4,5.0
855,6,3.0
857,6,4.0
857,9,32.0
857,11,51.0
857,16,1.0
859,4,7.0
859,6,5.0
859,9,15.0
859,11,14.0
862,6,5.0
862,9,8.0
862,19,1.0
863,4,79.0
863,6,40.0
863,9,5.0
863,11,259.0
864,4,11.0
864,6,13.0
864,9,21.0
864,11,32.0
864,19,3.0
865,6,7.0
865,9,52.0
865,11,29.0
865,14,2.0
865,18,3.0
865,19,2.0
866,4,73.0
866,6,15.0
866,9,30.0
866,11,40.0
866,18,1.0
866,19,6.0
868,4,5.0
868,6,25.0
868,9,30.0
868,11,54.0
868,19,1.0
869,6,8.0
869,9,14.0
869,11,66.0
869,19,1.0
872,4,4.0
872,6,1.0
872,9,13.0
872,11,55.0
875,4,11.0
875,6,9.0
875,9,18.0
875,11,4.0
877,4,104.0
877,6,46.0
877,9,24.0
877,11,61.0
877,16,1.0
877,18,1.0
877,19,6.0
878,4,2.0
878,6,8.0
878,9,28.0
878,11,63.0
882,4,56.0
882,6,48.0
882,9,58.0
882,11,147.0
882,16,1.0
882,18,1.0
882,19,4.0
883,6,2.0
883,9,5.0
883,11,9.0
884,6,1.0
884,9,10.0
884,11,1.0
884,16,1.0
886,4,7.0
886,6,5.0
886,9,2.0
886,11,16.0
887,6,6.0
887,11,26.0
887,18,1.0
887,19,2.0
890,6,11.0
890,9,14.0
890,11,117.0
891,6,9.0
891,9,29.0
891,11,63.0
891,16,1.0
892,4,27.0
892,6,6.0
892,11,51.0
893,6,5.0
893,9,9.0
893,11,38.0
894,4,2.0
894,6,5.0
894,9,1.0
894,11,50.0
896,4,26.0
896,6,53.0
896,9,22.0
896,11,393.0
896,16,1.0
896,18,4.0
896,19,2.0
898,6,6.0
898,11,11.0
898,14,1.0
898,19,3.0
899,4,17.0
899,6,9.0
899,9,5.0
899,11,86.0
900,6,10.0
900,9,36.0
900,11,69.0
900,16,1.0
900,18,1.0
902,6,7.0
902,9,43.0
902,11,43.0
902,19,1.0
904,4,212.0
904,6,112.0
904,9,60.0
904,11,151.0
904,14,1.0
904,18,3.0
904,19,10.0
905,6,2.0
905,9,5.0
905,19,1.0
906,4,39.0
906,6,19.0
906,9,1.0
906,11,25.0
906,19,1.0
908,4,5.0
908,6,6.0
908,9,13.0
908,11,48.0
908,16,1.0
909,4,208.0
909,6,111.0
909,8,2.0
909,9,79.0
909,11,128.0
909,19,3.0
911,4,9.0
911,6,36.0
911,9,67.0
911,11,242.0
911,18,1.0
911,19,1.0
912,6,5.0
912,11,22.0
912,19,1.0
913,6,12.0
913,9,10.0
913,11,21.0
913,19,2.0
914,6,1.0
914,9,15.0
914,11,20.0
914,16,1.0
916,6,6.0
916,9,27.0
916,11,22.0
916,19,3.0
917,6,8.0
917,9,18.0
917,11,10.0
917,16,1.0
917,18,2.0
917,19,1.0
918,6,8.0
918,9,14.0
918,11,26.0
919,6,3.0
919,9,7.0
919,11,25.0
919,14,7.0
919,16,1.0
919,19,1.0
921,6,6.0
921,9,49.0
921,11,5.0
922,6,3.0
922,9,11.0
922,11,4.0
922,16,3.0
922,19,1.0
924,6,2.0
924,9,29.0
924,11,38.0
924,16,1.0
926,4,9.0
926,6,4.0
926,9,1.0
926,14,3.0
926,18,1.0
928,6,2.0
928,9,1.0
929,6,8.0
929,9,8.0
929,16,3.0
929,18,3.0
932,4,5.0
932,6,19.0
932,9,43.0
932,11,20.0
932,19,4.0
935,4,4.0
935,6,17.0
935,11,54.0
935,14,20.0
935,18,1.0
937,4,5.0
937,6,14.0
937,9,30.0
937,11,52.0
937,19,5.0
938,6,2.0
939,4,30.0
939,6,39.0
939,9,46.0
939,11,168.0
939,18,1.0
939,19,10.0
942,6,9.0
942,9,41.0
942,11,59.0
942,18,1.0
942,19,1.0
943,6,9.0
943,9,8.0
943,11,25.0
943,19,3.0
944,4,31.0
944,6,28.0
944,9,12.0
944,11,101.0
944,16,2.0
944,18,5.0
945,4,53.0
945,6,34.0
945,9,83.0
945,11,46.0
945,16,2.0
945,19,6.0
946,6,1.0
946,9,15.0
946,11,40.0
946,16,7.0
947,6,2.0
947,9,9.0
947,11,5.0
949,4,23.0
949,6,50.0
949,9,204.0
949,11,174.0
949,14,1.0
949,18,5.0
949,19,9.0
950,4,107.0
950,6,40.0
950,9,45.0
950,11,127.0
950,18,4.0
950,19,6.0
951,4,9.0
951,6,4.0
951,9,28.0
951,11,8.0
952,6,1.0
952,9,10.0
952,11,36.0
952,16,1.0
952,19,1.0
954,4,2.0
954,6,4.0
954,9,3.0
954,11,83.0
954,18,1.0
954,19,1.0
958,4,15.0
958,6,23.0
958,9,14.0
958,11,81.0
958,16,2.0
958,18,4.0
959,4,9.0
959,6,7.0
959,9,16.0
959,11,57.0
959,18,1.0
960,4,20.0
960,6,8.0
960,9,37.0
960,11,53.0
961,6,22.0
961,9,26.0
961,11,36.0
961,19,5.0
962,4,57.0
962,6,30.0
962,11,159.0
962,19,8.0
963,6,8.0
963,9,50.0
963,11,52.0
963,14,1.0
963,18,1.0
963,19,2.0
964,4,3.0
964,6,10.0
964,9,76.0
964,11,144.0
964,19,1.0
965,4,10.0
965,6,9.0
965,9,17.0
965,11,26.0
965,16,1.0
965,19,2.0
966,6,7.0
966,11,48.0
967,6,11.0
967,9,83.0
967,11,44.0
967,16,1.0
970,6,1.0
970,9,19.0
971,6,10.0
971,9,1.0
971,11,35.0
971,14,1.0
973,6,4.0
973,9,8.0
974,4,31.0
974,6,43.0
974,9,19.0
974,11,262.0
974,14,1.0
974,18,3.0
974,19,9.0
976,6,1.0
976,11,10.0
978,4,69.0
978,6,44.0
978,8,1.0
978,9,11.0
978,11,259.0
978,19,4.0
979,4,93.0
979,6,60.0
979,9,19.0
979,11,30.0
980,6,9.0
980,9,39.0
980,11,17.0
980,16,1.0
980,18,1.0
980,19,3.0
983,4,3.0
983,6,1.0
983,9,15.0
